Company,Job_Title,Experience_Required,Location,Salary_Range,Application_Link,Company_Type,Job_Description,LinkedIn_Message
Deloitte,Data Analyst,0-2 years,Mumbai/Delhi/Bangalore/Hyderabad,₹4-8 LPA,https://careers.deloitte.com,MNC,"Analyze business data, create reports, support decision-making processes","Hi [Name],

I hope this message finds you well! I came across the Data Analyst position at Deloitte and I'm very excited about the opportunity to contribute to your team.

As a recent graduate with a strong foundation in data analysis, Python programming, and business intelligence tools, I'm eager to apply my analytical skills in a dynamic environment like Deloitte. My background includes hands-on experience with Excel, SQL, Python, and data visualization tools through various projects and internships.

I'd love to learn more about the role and discuss how my passion for data-driven insights can add value to your team. Would you be available for a brief call to discuss this opportunity?

Looking forward to hearing from you!

Best regards,
[Your Name]"
KPMG India,Business Analyst - Payments,1-3 years,Mumbai,₹6-12 LPA,https://careers.kpmg.co.in,MNC,"Work on payment systems analysis, fraud detection, regulatory compliance","Hello [Name],

I'm reaching out regarding the Business Analyst - Payments role posted at KPMG India. Having researched your company's innovative approach to data analytics, I'm genuinely excited about the possibility of joining your team.

My background includes strong analytical skills, proficiency in Python and SQL, and experience with business intelligence tools. I'm particularly drawn to KPMG India's commitment to data-driven decision making and would love to contribute to your analytical initiatives.

Could we schedule a brief conversation to discuss how my skills align with your team's needs? I'm confident that my enthusiasm for data analysis and quick learning ability would be valuable assets.

Thank you for your time and consideration!

Best regards,
[Your Name]"